feature,score
MDEC-23,0.32195
BCUTc-1l,0.06846
LipoaffinityIndex,0.07215
minsssN,0.0493
maxssO,0.03192
maxHsOH,0.04773
mindssC,0.02586
BCUTc-1h,0.03338
minHsOH,0.03588
minHBa,0.01926
minsOH,0.03655
MDEO-12,0.01365
VPC-6,0.02222
minHBint5,0.01311
ATSc3,0.02539
VC-5,0.01398
SPC-6,0.01598
ETA_BetaP_s,0.01714
SHsOH,0.02527
BCUTp-1h,0.02331
minHBint10,0.01826
SsOH,0.0196
hmin,0.01887
MLogP,0.01856
maxsOH,0.01221
